{
  "disk_cache_roundtrip": {
    "iterations": 50,
    "mean_s": 0.00013012600014917553,
    "median_s": 0.0001236039988725679,
    "name": "disk_cache_roundtrip",
    "p95_s": 0.00015870900097070262,
    "total_s": 0.006514040000183741
  },
  "engine_sweep_1k": {
    "iterations": 10,
    "mean_s": 0.00839947949971247,
    "median_s": 0.007637536500624265,
    "name": "engine_sweep_1k",
    "p95_s": 0.01568666000093799,
    "total_s": 0.0839983050027513
  },
  "http_32_gets_local": {
    "iterations": 10,
    "mean_s": 0.004345063700384344,
    "median_s": 0.004262967000613571,
    "name": "http_32_gets_local",
    "p95_s": 0.005138371001521591,
    "total_s": 0.04345257699969807
  },
  "scrape_cache_hit": {
    "iterations": 200,
    "mean_s": 6.837450073362561e-06,
    "median_s": 6.570000550709665e-06,
    "name": "scrape_cache_hit",
    "p95_s": 7.919999916339293e-06,
    "total_s": 0.001381789999868488
  }
}
