{
  "disk_cache_roundtrip": {
    "iterations": 50,
    "mean_s": 0.0001726253400556743,
    "median_s": 0.00016978400526568294,
    "name": "disk_cache_roundtrip",
    "p95_s": 0.00019419800082687289,
    "total_s": 0.00863884700811468
  },
  "engine_sweep_1k": {
    "iterations": 10,
    "mean_s": 0.009371426799043547,
    "median_s": 0.00759652449778514,
    "name": "engine_sweep_1k",
    "p95_s": 0.02577275299699977,
    "total_s": 0.09371760798967443
  },
  "extract_article": {
    "iterations": 100,
    "mean_s": 0.006860591240110807,
    "median_s": 0.006814360494900029,
    "name": "extract_article",
    "p95_s": 0.007204057998023927,
    "total_s": 0.6860817440028768
  },
  "extract_headline_links": {
    "iterations": 500,
    "mean_s": 0.0012276913599052932,
    "median_s": 0.0012237410046509467,
    "name": "extract_headline_links",
    "p95_s": 0.0012439110141713172,
    "total_s": 0.613976550012012
  },
  "extract_structured": {
    "iterations": 500,
    "mean_s": 7.002566792652943e-05,
    "median_s": 6.91050008754246e-05,
    "name": "extract_structured",
    "p95_s": 7.568999717477709e-05,
    "total_s": 0.035082264002994634
  },
  "extract_tables": {
    "iterations": 500,
    "mean_s": 0.0003467034756904468,
    "median_s": 0.0002844279879354872,
    "name": "extract_tables",
    "p95_s": 0.0003670979931484908,
    "total_s": 0.1734783269930631
  },
  "http_32_gets_local": {
    "iterations": 10,
    "mean_s": 0.004321309499209747,
    "median_s": 0.00428961400029948,
    "name": "http_32_gets_local",
    "p95_s": 0.00447243700909894,
    "total_s": 0.04321485500258859
  },
  "per_poll_extract_cost": {
    "iterations": 100,
    "mean_s": 0.007133391849783947,
    "median_s": 0.0070872239957679994,
    "name": "per_poll_extract_cost",
    "p95_s": 0.007367447004071437,
    "total_s": 0.7133697550016223
  },
  "scrape_cache_hit": {
    "iterations": 200,
    "mean_s": 7.06664977769833e-06,
    "median_s": 6.949994713068008e-06,
    "name": "scrape_cache_hit",
    "p95_s": 7.829992682673037e-06,
    "total_s": 0.0014280100003816187
  },
  "scrape_links_extract": {
    "iterations": 100,
    "mean_s": 0.004439604279759805,
    "median_s": 0.004436157993040979,
    "name": "scrape_links_extract",
    "p95_s": 0.004463987992494367,
    "total_s": 0.44397645800199825
  }
}
